{"cameraMode":{"drawMode":0,"name":"Shaded","section":"Shading Mode"},"sceneLighting":true,"audioPlay":false,"sceneViewState":{"showFog":true,"showMaterialUpdate":false,"showSkybox":true,"showFlares":true,"showImageEffects":true,"showParticleSystems":true},"in2DMode":false,"pivot":{"x":1.473029375076294,"y":-42.82421875,"z":19.642578125},"rotation":{"x":0.4850303530693054,"y":-0.0000029245647965581158,"z":-0.000008992523362394422,"w":0.8744974136352539},"size":27.97646141052246,"orthographic":true}