{"cameraMode":{"drawMode":0,"name":"Shaded","section":"Shading Mode"},"sceneLighting":true,"audioPlay":false,"sceneViewState":{"showFog":true,"showMaterialUpdate":false,"showSkybox":true,"showFlares":true,"showImageEffects":true,"showParticleSystems":true},"in2DMode":false,"pivot":{"x":-0.433074951171875,"y":-1.458984375,"z":-0.5654296875},"rotation":{"x":0.5479376316070557,"y":0.0012511687818914652,"z":-0.000830565404612571,"w":0.836517870426178},"size":17.043956756591798,"orthographic":true}