{"cameraMode":{"drawMode":0,"name":"Shaded","section":"Shading Mode"},"sceneLighting":true,"audioPlay":false,"sceneViewState":{"showFog":true,"showMaterialUpdate":false,"showSkybox":true,"showFlares":true,"showImageEffects":true,"showParticleSystems":true},"in2DMode":false,"pivot":{"x":0.1829376220703125,"y":-2.3251953125,"z":1.84912109375},"rotation":{"x":0.31773898005485537,"y":-0.017067326232790948,"z":0.00571095384657383,"w":0.9480074048042297},"size":4.465457916259766,"orthographic":true}