{"cameraMode":{"drawMode":0,"name":"Shaded","section":"Shading Mode"},"sceneLighting":false,"audioPlay":false,"sceneViewState":{"showFog":true,"showMaterialUpdate":false,"showSkybox":true,"showFlares":true,"showImageEffects":true,"showParticleSystems":true},"in2DMode":false,"pivot":{"x":-7.271284580230713,"y":0.3600021302700043,"z":7.319847106933594},"rotation":{"x":0.7482327818870544,"y":-0.0019905432127416136,"z":0.00224517984315753,"w":0.6634295582771301},"size":0.7741416096687317,"orthographic":true}