{"cameraMode":{"drawMode":0,"name":"Shaded","section":"Shading Mode"},"sceneLighting":false,"audioPlay":false,"sceneViewState":{"showFog":true,"showMaterialUpdate":false,"showSkybox":true,"showFlares":true,"showImageEffects":true,"showParticleSystems":true},"in2DMode":false,"pivot":{"x":5.277176380157471,"y":0.35691800713539126,"z":0.2830820083618164},"rotation":{"x":0.7482327818870544,"y":-0.0019905432127416136,"z":0.00224517984315753,"w":0.6634295582771301},"size":0.7828916311264038,"orthographic":true}