{"cameraMode":{"drawMode":0,"name":"Shaded","section":"Shading Mode"},"sceneLighting":false,"audioPlay":false,"sceneViewState":{"showFog":true,"showMaterialUpdate":false,"showSkybox":true,"showFlares":true,"showImageEffects":true,"showParticleSystems":true},"in2DMode":false,"pivot":{"x":-4.580517292022705,"y":0.36000001430511477,"z":0.3100000023841858},"rotation":{"x":0.6855725646018982,"y":-0.0032762675546109678,"z":0.003085541073232889,"w":0.727990448474884},"size":0.7566208243370056,"orthographic":true}