{"cameraMode":{"drawMode":0,"name":"Shaded","section":"Shading Mode"},"sceneLighting":false,"audioPlay":false,"sceneViewState":{"showFog":true,"showMaterialUpdate":false,"showSkybox":true,"showFlares":true,"showImageEffects":true,"showParticleSystems":true},"in2DMode":false,"pivot":{"x":-4.580517292022705,"y":0.36000001430511477,"z":0.3100000023841858},"rotation":{"x":0.7482327818870544,"y":-0.0019905432127416136,"z":0.00224517984315753,"w":0.6634295582771301},"size":0.7566208243370056,"orthographic":true}