{"cameraMode":{"drawMode":0,"name":"Shaded","section":"Shading Mode"},"sceneLighting":true,"audioPlay":false,"sceneViewState":{"showFog":true,"showMaterialUpdate":false,"showSkybox":true,"showFlares":true,"showImageEffects":true,"showParticleSystems":true},"in2DMode":false,"pivot":{"x":0.22409629821777345,"y":0.6796875,"z":-0.5537109375},"rotation":{"x":0.7561414241790772,"y":-0.0009873313829302788,"z":0.0011269152164459229,"w":0.6544065475463867},"size":29.761810302734376,"orthographic":true}