{"cameraMode":{"drawMode":0,"name":"Shaded","section":"Shading Mode"},"sceneLighting":true,"audioPlay":false,"sceneViewState":{"showFog":true,"showMaterialUpdate":false,"showSkybox":true,"showFlares":true,"showImageEffects":true,"showParticleSystems":true},"in2DMode":false,"pivot":{"x":-0.433074951171875,"y":-1.458984375,"z":-0.5654296875},"rotation":{"x":0.7007013559341431,"y":0.004275335930287838,"z":-0.004211988300085068,"w":0.7134295105934143},"size":17.043956756591798,"orthographic":true}