{"cameraMode":{"drawMode":0,"name":"Shaded","section":"Shading Mode"},"sceneLighting":false,"audioPlay":false,"sceneViewState":{"showFog":true,"showMaterialUpdate":false,"showSkybox":true,"showFlares":true,"showImageEffects":true,"showParticleSystems":true},"in2DMode":false,"pivot":{"x":-0.029770851135253907,"y":0.74853515625,"z":7.891845703125},"rotation":{"x":0.5479376316070557,"y":0.0012511687818914652,"z":-0.000830565404612571,"w":0.836517870426178},"size":2.780444622039795,"orthographic":true}